trip_id,stop_id,stop_sequence,hour,minute,time_block,travel_time
982057801,23274,1,7,5,morning_peak,0.16666666666666666
982057801,21881,2,7,6,morning_peak,0.16666666666666666
982057801,21884,3,7,7,morning_peak,0.16666666666666666
982057801,23722,4,7,7,morning_peak,0.16666666666666666
982057801,21891,5,7,8,morning_peak,0.16666666666666666
982057801,21889,6,7,8,morning_peak,0.16666666666666666
982057801,21888,7,7,9,morning_peak,0.16666666666666666
982057801,21886,8,7,10,morning_peak,0.16666666666666666
982057801,23733,9,7,11,morning_peak,0.16666666666666666
982057801,23736,10,7,12,morning_peak,0.16666666666666666
982057801,23761,11,7,16,morning_peak,0.16666666666666666
982057801,21874,12,7,21,morning_peak,0.16666666666666666
982057801,21860,13,7,22,morning_peak,0.16666666666666666
982057801,21872,14,7,23,morning_peak,0.16666666666666666
982057801,21508,15,7,25,morning_peak,0.16666666666666666
982057801,21866,16,7,27,morning_peak,0.16666666666666666
982057801,23424,17,7,28,morning_peak,0.16666666666666666
982057801,21856,18,7,29,morning_peak,0.16666666666666666
982057801,21854,19,7,30,morning_peak,0.16666666666666666
982057801,21852,20,7,31,morning_peak,0.16666666666666666
982057801,21850,21,7,32,morning_peak,0.16666666666666666
982057801,21848,22,7,33,morning_peak,0.16666666666666666
982057801,21870,23,7,34,morning_peak,0.16666666666666666
982057801,21846,24,7,36,morning_peak,0.16666666666666666
982057801,21844,25,7,37,morning_peak,0.16666666666666666
982057801,21842,26,7,38,morning_peak,0.16666666666666666
982057801,23664,27,7,39,morning_peak,0.16666666666666666
982057801,21724,28,7,40,morning_peak,0.16666666666666666
982057801,21840,29,7,42,morning_peak,0.16666666666666666
982057801,23993,30,7,44,morning_peak,0.16666666666666666
982057801,21836,31,7,45,morning_peak,0.16666666666666666
982057801,21968,32,7,46,morning_peak,0.16666666666666666
982057801,21488,33,7,47,morning_peak,0.16666666666666666
982057801,21832,34,7,48,morning_peak,0.16666666666666666
982057801,21822,35,7,49,morning_peak,0.16666666666666666
982057801,21868,36,7,50,morning_peak,0.16666666666666666
982057801,21864,37,7,51,morning_peak,0.16666666666666666
982057801,21862,38,7,53,morning_peak,0.16666666666666666
982057801,21492,39,7,54,morning_peak,0.16666666666666666
982057801,21830,40,7,56,morning_peak,0.16666666666666666
982057801,21812,41,7,58,morning_peak,0.16666666666666666
982057801,23354,42,7,58,morning_peak,0.16666666666666666
982057801,21810,43,8,2,morning_peak,0.16666666666666666
982057801,21828,44,8,3,morning_peak,0.16666666666666666
982057801,21776,45,8,4,morning_peak,0.16666666666666666
982057801,23517,46,8,4,morning_peak,0.16666666666666666
982057801,21826,47,8,5,morning_peak,0.16666666666666666
982057801,21824,48,8,8,morning_peak,0.16666666666666666
982057801,21920,49,8,9,morning_peak,0.16666666666666666
982057801,21918,50,8,11,morning_peak,0.16666666666666666
982057801,22237,51,8,14,morning_peak,0.16666666666666666
982057802,22237,1,8,10,morning_peak,0.16666666666666666
982057802,21917,2,8,12,morning_peak,0.16666666666666666
982057802,21919,3,8,14,morning_peak,0.16666666666666666
982057802,21825,4,8,17,morning_peak,0.16666666666666666
982057802,23516,5,8,18,morning_peak,0.16666666666666666
982057802,21775,6,8,18,morning_peak,0.16666666666666666
982057802,21827,7,8,19,morning_peak,0.16666666666666666
982057802,21809,8,8,20,morning_peak,0.16666666666666666
982057802,23353,9,8,23,morning_peak,0.16666666666666666
982057802,21811,10,8,24,morning_peak,0.16666666666666666
982057802,21829,11,8,25,morning_peak,0.16666666666666666
982057802,21491,12,8,27,morning_peak,0.16666666666666666
982057802,21861,13,8,28,morning_peak,0.16666666666666666
982057802,21863,14,8,29,morning_peak,0.16666666666666666
982057802,21867,15,8,30,morning_peak,0.16666666666666666
982057802,21821,16,8,31,morning_peak,0.16666666666666666
982057802,21831,17,8,32,morning_peak,0.16666666666666666
982057802,21487,18,8,33,morning_peak,0.16666666666666666
982057802,21837,19,8,34,morning_peak,0.16666666666666666
982057802,21835,20,8,35,morning_peak,0.16666666666666666
982057802,23992,21,8,36,morning_peak,0.16666666666666666
982057802,21839,22,8,38,morning_peak,0.16666666666666666
982057802,21723,23,8,39,morning_peak,0.16666666666666666
982057802,23663,24,8,40,morning_peak,0.16666666666666666
982057802,21841,25,8,42,morning_peak,0.16666666666666666
982057802,21843,26,8,43,morning_peak,0.16666666666666666
982057802,21845,27,8,44,morning_peak,0.16666666666666666
982057802,21869,28,8,45,morning_peak,0.16666666666666666
982057802,21847,29,8,46,morning_peak,0.16666666666666666
982057802,21849,30,8,47,morning_peak,0.16666666666666666
982057802,21851,31,8,48,morning_peak,0.16666666666666666
982057802,21853,32,8,49,morning_peak,0.16666666666666666
982057802,21855,33,8,49,morning_peak,0.16666666666666666
982057802,23423,34,8,50,morning_peak,0.16666666666666666
982057802,21865,35,8,51,morning_peak,0.16666666666666666
982057802,21507,36,8,53,morning_peak,0.16666666666666666
982057802,21871,37,8,55,morning_peak,0.16666666666666666
982057802,21859,38,8,56,morning_peak,0.16666666666666666
982057802,23760,39,9,0,morning_peak,0.16666666666666666
982057802,23735,40,9,4,morning_peak,0.16666666666666666
982057802,23734,41,9,5,morning_peak,0.16666666666666666
982057802,21885,42,9,6,morning_peak,0.16666666666666666
982057802,21887,43,9,7,morning_peak,0.16666666666666666
982057802,21890,44,9,8,morning_peak,0.16666666666666666
982057802,23723,45,9,8,morning_peak,0.16666666666666666
982057802,21883,46,9,9,morning_peak,0.16666666666666666
982057802,21882,47,9,9,morning_peak,0.16666666666666666
982057802,23274,48,9,10,morning_peak,0.16666666666666666
982057811,23274,1,9,0,morning_peak,0.16666666666666666
982057811,21881,2,9,1,morning_peak,0.16666666666666666
982057811,21884,3,9,2,morning_peak,0.16666666666666666
982057811,23722,4,9,2,morning_peak,0.16666666666666666
982057811,21891,5,9,3,morning_peak,0.16666666666666666
982057811,21889,6,9,3,morning_peak,0.16666666666666666
982057811,21888,7,9,4,morning_peak,0.16666666666666666
982057811,21886,8,9,5,morning_peak,0.16666666666666666
982057811,23733,9,9,6,morning_peak,0.16666666666666666
982057811,23736,10,9,7,morning_peak,0.16666666666666666
982057811,23761,11,9,11,morning_peak,0.16666666666666666
982057811,21874,12,9,16,morning_peak,0.16666666666666666
982057811,21860,13,9,17,morning_peak,0.16666666666666666
982057811,21872,14,9,18,morning_peak,0.16666666666666666
982057811,21508,15,9,20,morning_peak,0.16666666666666666
982057811,21866,16,9,22,morning_peak,0.16666666666666666
982057811,23424,17,9,23,morning_peak,0.16666666666666666
982057811,21856,18,9,24,morning_peak,0.16666666666666666
982057811,21854,19,9,25,morning_peak,0.16666666666666666
982057811,21852,20,9,26,morning_peak,0.16666666666666666
982057811,21850,21,9,27,morning_peak,0.16666666666666666
982057811,21848,22,9,28,morning_peak,0.16666666666666666
982057811,21870,23,9,29,morning_peak,0.16666666666666666
982057811,21846,24,9,31,morning_peak,0.16666666666666666
982057811,21844,25,9,32,morning_peak,0.16666666666666666
982057811,21842,26,9,33,morning_peak,0.16666666666666666
982057811,23664,27,9,34,morning_peak,0.16666666666666666
982057811,21724,28,9,35,morning_peak,0.16666666666666666
982057811,21840,29,9,37,morning_peak,0.16666666666666666
982057811,23993,30,9,39,morning_peak,0.16666666666666666
982057811,21836,31,9,40,morning_peak,0.16666666666666666
982057811,21968,32,9,41,morning_peak,0.16666666666666666
982057811,21488,33,9,42,morning_peak,0.16666666666666666
982057811,21832,34,9,43,morning_peak,0.16666666666666666
982057811,21822,35,9,44,morning_peak,0.16666666666666666
982057811,21868,36,9,45,morning_peak,0.16666666666666666
982057811,21864,37,9,46,morning_peak,0.16666666666666666
982057811,21862,38,9,48,morning_peak,0.16666666666666666
982057811,21492,39,9,49,morning_peak,0.16666666666666666
982057811,21830,40,9,51,morning_peak,0.16666666666666666
982057811,21812,41,9,53,morning_peak,0.16666666666666666
982057811,23354,42,9,53,morning_peak,0.16666666666666666
982057811,21810,43,9,57,morning_peak,0.16666666666666666
982057811,21828,44,9,58,morning_peak,0.16666666666666666
982057811,21776,45,9,59,morning_peak,0.16666666666666666
982057811,23517,46,9,59,morning_peak,0.16666666666666666
982057811,21826,47,10,0,off_peak,0.16666666666666666
982057811,21824,48,10,3,off_peak,0.16666666666666666
982057811,21920,49,10,4,off_peak,0.16666666666666666
982057811,21918,50,10,6,off_peak,0.16666666666666666
982057811,22237,51,10,9,off_peak,0.16666666666666666
982057812,22237,1,10,35,off_peak,0.16666666666666666
982057812,21917,2,10,37,off_peak,0.16666666666666666
982057812,21919,3,10,39,off_peak,0.16666666666666666
982057812,21825,4,10,42,off_peak,0.16666666666666666
982057812,23516,5,10,43,off_peak,0.16666666666666666
982057812,21775,6,10,43,off_peak,0.16666666666666666
982057812,21827,7,10,44,off_peak,0.16666666666666666
982057812,21809,8,10,45,off_peak,0.16666666666666666
982057812,23353,9,10,48,off_peak,0.16666666666666666
982057812,21811,10,10,49,off_peak,0.16666666666666666
982057812,21829,11,10,50,off_peak,0.16666666666666666
982057812,21491,12,10,52,off_peak,0.16666666666666666
982057812,21861,13,10,53,off_peak,0.16666666666666666
982057812,21863,14,10,54,off_peak,0.16666666666666666
982057812,21867,15,10,55,off_peak,0.16666666666666666
982057812,21821,16,10,56,off_peak,0.16666666666666666
982057812,21831,17,10,57,off_peak,0.16666666666666666
982057812,21487,18,10,58,off_peak,0.16666666666666666
982057812,21837,19,10,59,off_peak,0.16666666666666666
982057812,21835,20,11,0,off_peak,0.16666666666666666
982057812,23992,21,11,1,off_peak,0.16666666666666666
982057812,21839,22,11,3,off_peak,0.16666666666666666
982057812,21723,23,11,4,off_peak,0.16666666666666666
982057812,23663,24,11,5,off_peak,0.16666666666666666
982057812,21841,25,11,7,off_peak,0.16666666666666666
982057812,21843,26,11,8,off_peak,0.16666666666666666
982057812,21845,27,11,9,off_peak,0.16666666666666666
982057812,21869,28,11,10,off_peak,0.16666666666666666
982057812,21847,29,11,11,off_peak,0.16666666666666666
982057812,21849,30,11,12,off_peak,0.16666666666666666
982057812,21851,31,11,13,off_peak,0.16666666666666666
982057812,21853,32,11,14,off_peak,0.16666666666666666
982057812,21855,33,11,14,off_peak,0.16666666666666666
982057812,23423,34,11,15,off_peak,0.16666666666666666
982057812,21865,35,11,16,off_peak,0.16666666666666666
982057812,21507,36,11,18,off_peak,0.16666666666666666
982057812,21871,37,11,20,off_peak,0.16666666666666666
982057812,21859,38,11,21,off_peak,0.16666666666666666
982057812,23760,39,11,25,off_peak,0.16666666666666666
982057812,23735,40,11,29,off_peak,0.16666666666666666
982057812,23734,41,11,30,off_peak,0.16666666666666666
982057812,21885,42,11,31,off_peak,0.16666666666666666
982057812,21887,43,11,32,off_peak,0.16666666666666666
982057812,21890,44,11,33,off_peak,0.16666666666666666
982057812,23723,45,11,33,off_peak,0.16666666666666666
982057812,21883,46,11,34,off_peak,0.16666666666666666
982057812,21882,47,11,34,off_peak,0.16666666666666666
982057812,23274,48,11,35,off_peak,0.16666666666666666
982057821,23274,1,11,35,off_peak,0.16666666666666666
982057821,21881,2,11,36,off_peak,0.16666666666666666
982057821,21884,3,11,37,off_peak,0.16666666666666666
982057821,23722,4,11,37,off_peak,0.16666666666666666
982057821,21891,5,11,38,off_peak,0.16666666666666666
982057821,21889,6,11,38,off_peak,0.16666666666666666
982057821,21888,7,11,39,off_peak,0.16666666666666666
982057821,21886,8,11,40,off_peak,0.16666666666666666
982057821,23733,9,11,41,off_peak,0.16666666666666666
982057821,23736,10,11,42,off_peak,0.16666666666666666
982057821,23761,11,11,46,off_peak,0.16666666666666666
982057821,21874,12,11,51,off_peak,0.16666666666666666
982057821,21860,13,11,52,off_peak,0.16666666666666666
982057821,21872,14,11,53,off_peak,0.16666666666666666
982057821,21508,15,11,55,off_peak,0.16666666666666666
982057821,21866,16,11,57,off_peak,0.16666666666666666
982057821,23424,17,11,58,off_peak,0.16666666666666666
982057821,21856,18,11,59,off_peak,0.16666666666666666
982057821,21854,19,12,0,off_peak,0.16666666666666666
982057821,21852,20,12,1,off_peak,0.16666666666666666
982057821,21850,21,12,2,off_peak,0.16666666666666666
982057821,21848,22,12,3,off_peak,0.16666666666666666
982057821,21870,23,12,4,off_peak,0.16666666666666666
982057821,21846,24,12,6,off_peak,0.16666666666666666
982057821,21844,25,12,7,off_peak,0.16666666666666666
982057821,21842,26,12,8,off_peak,0.16666666666666666
982057821,23664,27,12,9,off_peak,0.16666666666666666
982057821,21724,28,12,10,off_peak,0.16666666666666666
982057821,21840,29,12,12,off_peak,0.16666666666666666
982057821,23993,30,12,14,off_peak,0.16666666666666666
982057821,21836,31,12,15,off_peak,0.16666666666666666
982057821,21968,32,12,16,off_peak,0.16666666666666666
982057821,21488,33,12,17,off_peak,0.16666666666666666
982057821,21832,34,12,18,off_peak,0.16666666666666666
982057821,21822,35,12,19,off_peak,0.16666666666666666
982057821,21868,36,12,20,off_peak,0.16666666666666666
982057821,21864,37,12,21,off_peak,0.16666666666666666
982057821,21862,38,12,23,off_peak,0.16666666666666666
982057821,21492,39,12,24,off_peak,0.16666666666666666
982057821,21830,40,12,26,off_peak,0.16666666666666666
982057821,21812,41,12,28,off_peak,0.16666666666666666
982057821,23354,42,12,28,off_peak,0.16666666666666666
982057821,21810,43,12,32,off_peak,0.16666666666666666
982057821,21828,44,12,33,off_peak,0.16666666666666666
982057821,21776,45,12,34,off_peak,0.16666666666666666
982057821,23517,46,12,34,off_peak,0.16666666666666666
982057821,21826,47,12,35,off_peak,0.16666666666666666
982057821,21824,48,12,38,off_peak,0.16666666666666666
982057821,21920,49,12,39,off_peak,0.16666666666666666
982057821,21918,50,12,41,off_peak,0.16666666666666666
982057821,22237,51,12,44,off_peak,0.16666666666666666
982057822,22237,1,12,30,off_peak,0.16666666666666666
982057822,21917,2,12,32,off_peak,0.16666666666666666
982057822,21919,3,12,34,off_peak,0.16666666666666666
982057822,21825,4,12,37,off_peak,0.16666666666666666
982057822,23516,5,12,38,off_peak,0.16666666666666666
982057822,21775,6,12,38,off_peak,0.16666666666666666
982057822,21827,7,12,39,off_peak,0.16666666666666666
982057822,21809,8,12,40,off_peak,0.16666666666666666
982057822,23353,9,12,43,off_peak,0.16666666666666666
982057822,21811,10,12,44,off_peak,0.16666666666666666
982057822,21829,11,12,45,off_peak,0.16666666666666666
982057822,21491,12,12,47,off_peak,0.16666666666666666
982057822,21861,13,12,48,off_peak,0.16666666666666666
982057822,21863,14,12,49,off_peak,0.16666666666666666
982057822,21867,15,12,50,off_peak,0.16666666666666666
982057822,21821,16,12,51,off_peak,0.16666666666666666
982057822,21831,17,12,52,off_peak,0.16666666666666666
982057822,21487,18,12,53,off_peak,0.16666666666666666
982057822,21837,19,12,54,off_peak,0.16666666666666666
982057822,21835,20,12,55,off_peak,0.16666666666666666
982057822,23992,21,12,56,off_peak,0.16666666666666666
982057822,21839,22,12,58,off_peak,0.16666666666666666
982057822,21723,23,12,59,off_peak,0.16666666666666666
982057822,23663,24,13,0,off_peak,0.16666666666666666
982057822,21841,25,13,2,off_peak,0.16666666666666666
982057822,21843,26,13,3,off_peak,0.16666666666666666
982057822,21845,27,13,4,off_peak,0.16666666666666666
982057822,21869,28,13,5,off_peak,0.16666666666666666
982057822,21847,29,13,6,off_peak,0.16666666666666666
982057822,21849,30,13,7,off_peak,0.16666666666666666
982057822,21851,31,13,8,off_peak,0.16666666666666666
982057822,21853,32,13,9,off_peak,0.16666666666666666
982057822,21855,33,13,9,off_peak,0.16666666666666666
982057822,23423,34,13,10,off_peak,0.16666666666666666
982057822,21865,35,13,11,off_peak,0.16666666666666666
982057822,21507,36,13,13,off_peak,0.16666666666666666
982057822,21871,37,13,15,off_peak,0.16666666666666666
982057822,21859,38,13,16,off_peak,0.16666666666666666
982057822,23760,39,13,20,off_peak,0.16666666666666666
982057822,23735,40,13,24,off_peak,0.16666666666666666
982057822,23734,41,13,25,off_peak,0.16666666666666666
982057822,21885,42,13,26,off_peak,0.16666666666666666
982057822,21887,43,13,27,off_peak,0.16666666666666666
982057822,21890,44,13,28,off_peak,0.16666666666666666
982057822,23723,45,13,28,off_peak,0.16666666666666666
982057822,21883,46,13,29,off_peak,0.16666666666666666
982057822,21882,47,13,29,off_peak,0.16666666666666666
982057822,23274,48,13,30,off_peak,0.16666666666666666
982057831,23274,1,13,25,off_peak,0.16666666666666666
982057831,21881,2,13,26,off_peak,0.16666666666666666
982057831,21884,3,13,27,off_peak,0.16666666666666666
982057831,23722,4,13,27,off_peak,0.16666666666666666
982057831,21891,5,13,28,off_peak,0.16666666666666666
982057831,21889,6,13,28,off_peak,0.16666666666666666
982057831,21888,7,13,29,off_peak,0.16666666666666666
982057831,21886,8,13,30,off_peak,0.16666666666666666
982057831,23733,9,13,31,off_peak,0.16666666666666666
982057831,23736,10,13,32,off_peak,0.16666666666666666
982057831,23761,11,13,36,off_peak,0.16666666666666666
982057831,21874,12,13,41,off_peak,0.16666666666666666
982057831,21860,13,13,42,off_peak,0.16666666666666666
982057831,21872,14,13,43,off_peak,0.16666666666666666
982057831,21508,15,13,45,off_peak,0.16666666666666666
982057831,21866,16,13,47,off_peak,0.16666666666666666
982057831,23424,17,13,48,off_peak,0.16666666666666666
982057831,21856,18,13,49,off_peak,0.16666666666666666
982057831,21854,19,13,50,off_peak,0.16666666666666666
982057831,21852,20,13,51,off_peak,0.16666666666666666
982057831,21850,21,13,52,off_peak,0.16666666666666666
982057831,21848,22,13,53,off_peak,0.16666666666666666
982057831,21870,23,13,54,off_peak,0.16666666666666666
982057831,21846,24,13,56,off_peak,0.16666666666666666
982057831,21844,25,13,57,off_peak,0.16666666666666666
982057831,21842,26,13,58,off_peak,0.16666666666666666
982057831,23664,27,13,59,off_peak,0.16666666666666666
982057831,21724,28,14,0,off_peak,0.16666666666666666
982057831,21840,29,14,2,off_peak,0.16666666666666666
982057831,23993,30,14,4,off_peak,0.16666666666666666
982057831,21836,31,14,5,off_peak,0.16666666666666666
982057831,21968,32,14,6,off_peak,0.16666666666666666
982057831,21488,33,14,7,off_peak,0.16666666666666666
982057831,21832,34,14,8,off_peak,0.16666666666666666
982057831,21822,35,14,9,off_peak,0.16666666666666666
982057831,21868,36,14,10,off_peak,0.16666666666666666
982057831,21864,37,14,11,off_peak,0.16666666666666666
982057831,21862,38,14,13,off_peak,0.16666666666666666
982057831,21492,39,14,14,off_peak,0.16666666666666666
982057831,21830,40,14,16,off_peak,0.16666666666666666
982057831,21812,41,14,18,off_peak,0.16666666666666666
982057831,23354,42,14,18,off_peak,0.16666666666666666
982057831,21810,43,14,22,off_peak,0.16666666666666666
982057831,21828,44,14,23,off_peak,0.16666666666666666
982057831,21776,45,14,24,off_peak,0.16666666666666666
982057831,23517,46,14,24,off_peak,0.16666666666666666
982057831,21826,47,14,25,off_peak,0.16666666666666666
982057831,21824,48,14,28,off_peak,0.16666666666666666
982057831,21920,49,14,29,off_peak,0.16666666666666666
982057831,21918,50,14,31,off_peak,0.16666666666666666
982057831,22237,51,14,34,off_peak,0.16666666666666666
982057832,22237,1,14,30,off_peak,0.16666666666666666
982057832,21917,2,14,32,off_peak,0.16666666666666666
982057832,21919,3,14,34,off_peak,0.16666666666666666
982057832,21825,4,14,37,off_peak,0.16666666666666666
982057832,23516,5,14,38,off_peak,0.16666666666666666
982057832,21775,6,14,38,off_peak,0.16666666666666666
982057832,21827,7,14,39,off_peak,0.16666666666666666
982057832,21809,8,14,40,off_peak,0.16666666666666666
982057832,23353,9,14,43,off_peak,0.16666666666666666
982057832,21811,10,14,44,off_peak,0.16666666666666666
982057832,21829,11,14,45,off_peak,0.16666666666666666
982057832,21491,12,14,47,off_peak,0.16666666666666666
982057832,21861,13,14,48,off_peak,0.16666666666666666
982057832,21863,14,14,49,off_peak,0.16666666666666666
982057832,21867,15,14,50,off_peak,0.16666666666666666
982057832,21821,16,14,51,off_peak,0.16666666666666666
982057832,21831,17,14,52,off_peak,0.16666666666666666
982057832,21487,18,14,53,off_peak,0.16666666666666666
982057832,21837,19,14,54,off_peak,0.16666666666666666
982057832,21835,20,14,55,off_peak,0.16666666666666666
982057832,23992,21,14,56,off_peak,0.16666666666666666
982057832,21839,22,14,58,off_peak,0.16666666666666666
982057832,21723,23,14,59,off_peak,0.16666666666666666
982057832,23663,24,15,0,off_peak,0.16666666666666666
982057832,21841,25,15,2,off_peak,0.16666666666666666
982057832,21843,26,15,3,off_peak,0.16666666666666666
982057832,21845,27,15,4,off_peak,0.16666666666666666
982057832,21869,28,15,5,off_peak,0.16666666666666666
982057832,21847,29,15,6,off_peak,0.16666666666666666
982057832,21849,30,15,7,off_peak,0.16666666666666666
982057832,21851,31,15,8,off_peak,0.16666666666666666
982057832,21853,32,15,9,off_peak,0.16666666666666666
982057832,21855,33,15,9,off_peak,0.16666666666666666
982057832,23423,34,15,10,off_peak,0.16666666666666666
982057832,21865,35,15,11,off_peak,0.16666666666666666
982057832,21507,36,15,13,off_peak,0.16666666666666666
982057832,21871,37,15,15,off_peak,0.16666666666666666
982057832,21859,38,15,16,off_peak,0.16666666666666666
982057832,23760,39,15,20,off_peak,0.16666666666666666
982057832,23735,40,15,24,off_peak,0.16666666666666666
982057832,23734,41,15,25,off_peak,0.16666666666666666
982057832,21885,42,15,26,off_peak,0.16666666666666666
982057832,21887,43,15,27,off_peak,0.16666666666666666
982057832,21890,44,15,28,off_peak,0.16666666666666666
982057832,23723,45,15,28,off_peak,0.16666666666666666
982057832,21883,46,15,29,off_peak,0.16666666666666666
982057832,21882,47,15,29,off_peak,0.16666666666666666
982057832,23274,48,15,30,off_peak,0.16666666666666666
982057841,23274,1,15,25,off_peak,0.16666666666666666
982057841,21881,2,15,26,off_peak,0.16666666666666666
982057841,21884,3,15,27,off_peak,0.16666666666666666
982057841,23722,4,15,27,off_peak,0.16666666666666666
982057841,21891,5,15,28,off_peak,0.16666666666666666
982057841,21889,6,15,28,off_peak,0.16666666666666666
982057841,21888,7,15,29,off_peak,0.16666666666666666
982057841,21886,8,15,30,off_peak,0.16666666666666666
982057841,23733,9,15,31,off_peak,0.16666666666666666
982057841,23736,10,15,32,off_peak,0.16666666666666666
982057841,23761,11,15,36,off_peak,0.16666666666666666
982057841,21874,12,15,41,off_peak,0.16666666666666666
982057841,21860,13,15,42,off_peak,0.16666666666666666
982057841,21872,14,15,43,off_peak,0.16666666666666666
982057841,21508,15,15,45,off_peak,0.16666666666666666
982057841,21866,16,15,47,off_peak,0.16666666666666666
982057841,23424,17,15,48,off_peak,0.16666666666666666
982057841,21856,18,15,49,off_peak,0.16666666666666666
982057841,21854,19,15,50,off_peak,0.16666666666666666
982057841,21852,20,15,51,off_peak,0.16666666666666666
982057841,21850,21,15,52,off_peak,0.16666666666666666
982057841,21848,22,15,53,off_peak,0.16666666666666666
982057841,21870,23,15,54,off_peak,0.16666666666666666
982057841,21846,24,15,56,off_peak,0.16666666666666666
982057841,21844,25,15,57,off_peak,0.16666666666666666
982057841,21842,26,15,58,off_peak,0.16666666666666666
982057841,23664,27,15,59,off_peak,0.16666666666666666
982057841,21724,28,16,0,off_peak,0.16666666666666666
982057841,21840,29,16,2,off_peak,0.16666666666666666
982057841,23993,30,16,4,off_peak,0.16666666666666666
982057841,21836,31,16,5,off_peak,0.16666666666666666
982057841,21968,32,16,6,off_peak,0.16666666666666666
982057841,21488,33,16,7,off_peak,0.16666666666666666
982057841,21832,34,16,8,off_peak,0.16666666666666666
982057841,21822,35,16,9,off_peak,0.16666666666666666
982057841,21868,36,16,10,off_peak,0.16666666666666666
982057841,21864,37,16,11,off_peak,0.16666666666666666
982057841,21862,38,16,13,off_peak,0.16666666666666666
982057841,21492,39,16,14,off_peak,0.16666666666666666
982057841,21830,40,16,16,off_peak,0.16666666666666666
982057841,21812,41,16,18,off_peak,0.16666666666666666
982057841,23354,42,16,18,off_peak,0.16666666666666666
982057841,21810,43,16,22,off_peak,0.16666666666666666
982057841,21828,44,16,23,off_peak,0.16666666666666666
982057841,21776,45,16,24,off_peak,0.16666666666666666
982057841,23517,46,16,24,off_peak,0.16666666666666666
982057841,21826,47,16,25,off_peak,0.16666666666666666
982057841,21824,48,16,28,off_peak,0.16666666666666666
982057841,21920,49,16,29,off_peak,0.16666666666666666
982057841,21918,50,16,31,off_peak,0.16666666666666666
982057841,22237,51,16,34,off_peak,0.16666666666666666
982057842,22237,1,16,20,off_peak,0.16666666666666666
982057842,21917,2,16,22,off_peak,0.16666666666666666
982057842,21919,3,16,24,off_peak,0.16666666666666666
982057842,21825,4,16,27,off_peak,0.16666666666666666
982057842,23516,5,16,28,off_peak,0.16666666666666666
982057842,21775,6,16,28,off_peak,0.16666666666666666
982057842,21827,7,16,29,off_peak,0.16666666666666666
982057842,21809,8,16,30,off_peak,0.16666666666666666
982057842,23353,9,16,33,off_peak,0.16666666666666666
982057842,21811,10,16,34,off_peak,0.16666666666666666
982057842,21829,11,16,35,off_peak,0.16666666666666666
982057842,21491,12,16,37,off_peak,0.16666666666666666
982057842,21861,13,16,38,off_peak,0.16666666666666666
982057842,21863,14,16,39,off_peak,0.16666666666666666
982057842,21867,15,16,40,off_peak,0.16666666666666666
982057842,21821,16,16,41,off_peak,0.16666666666666666
982057842,21831,17,16,42,off_peak,0.16666666666666666
982057842,21487,18,16,43,off_peak,0.16666666666666666
982057842,21837,19,16,44,off_peak,0.16666666666666666
982057842,21835,20,16,45,off_peak,0.16666666666666666
982057842,23992,21,16,46,off_peak,0.16666666666666666
982057842,21839,22,16,48,off_peak,0.16666666666666666
982057842,21723,23,16,49,off_peak,0.16666666666666666
982057842,23663,24,16,50,off_peak,0.16666666666666666
982057842,21841,25,16,52,off_peak,0.16666666666666666
982057842,21843,26,16,53,off_peak,0.16666666666666666
982057842,21845,27,16,54,off_peak,0.16666666666666666
982057842,21869,28,16,55,off_peak,0.16666666666666666
982057842,21847,29,16,56,off_peak,0.16666666666666666
982057842,21849,30,16,57,off_peak,0.16666666666666666
982057842,21851,31,16,58,off_peak,0.16666666666666666
982057842,21853,32,16,59,off_peak,0.16666666666666666
982057842,21855,33,16,59,off_peak,0.16666666666666666
982057842,23423,34,17,0,evening_peak,0.16666666666666666
982057842,21865,35,17,1,evening_peak,0.16666666666666666
982057842,21507,36,17,3,evening_peak,0.16666666666666666
982057842,21871,37,17,5,evening_peak,0.16666666666666666
982057842,21859,38,17,6,evening_peak,0.16666666666666666
982057842,23760,39,17,10,evening_peak,0.16666666666666666
982057842,23735,40,17,14,evening_peak,0.16666666666666666
982057842,23734,41,17,15,evening_peak,0.16666666666666666
982057842,21885,42,17,16,evening_peak,0.16666666666666666
982057842,21887,43,17,17,evening_peak,0.16666666666666666
982057842,21890,44,17,18,evening_peak,0.16666666666666666
982057842,23723,45,17,18,evening_peak,0.16666666666666666
982057842,21883,46,17,19,evening_peak,0.16666666666666666
982057842,21882,47,17,19,evening_peak,0.16666666666666666
982057842,23274,48,17,20,evening_peak,0.16666666666666666
982057851,23274,1,19,50,evening_peak,0.16666666666666666
982057851,21881,2,19,51,evening_peak,0.16666666666666666
982057851,21884,3,19,52,evening_peak,0.16666666666666666
982057851,23722,4,19,52,evening_peak,0.16666666666666666
982057851,21891,5,19,53,evening_peak,0.16666666666666666
982057851,21889,6,19,53,evening_peak,0.16666666666666666
982057851,21888,7,19,54,evening_peak,0.16666666666666666
982057851,21886,8,19,55,evening_peak,0.16666666666666666
982057851,23733,9,19,56,evening_peak,0.16666666666666666
982057851,23736,10,19,57,evening_peak,0.16666666666666666
982057851,23761,11,20,1,off_peak,0.16666666666666666
982057851,21874,12,20,6,off_peak,0.16666666666666666
982057851,21860,13,20,7,off_peak,0.16666666666666666
982057851,21872,14,20,8,off_peak,0.16666666666666666
982057851,21508,15,20,10,off_peak,0.16666666666666666
982057851,21866,16,20,12,off_peak,0.16666666666666666
982057851,23424,17,20,13,off_peak,0.16666666666666666
982057851,21856,18,20,14,off_peak,0.16666666666666666
982057851,21854,19,20,15,off_peak,0.16666666666666666
982057851,21852,20,20,16,off_peak,0.16666666666666666
982057851,21850,21,20,17,off_peak,0.16666666666666666
982057851,21848,22,20,18,off_peak,0.16666666666666666
982057851,21870,23,20,19,off_peak,0.16666666666666666
982057851,21846,24,20,21,off_peak,0.16666666666666666
982057851,21844,25,20,22,off_peak,0.16666666666666666
982057851,21842,26,20,23,off_peak,0.16666666666666666
982057851,23664,27,20,24,off_peak,0.16666666666666666
982057851,21724,28,20,25,off_peak,0.16666666666666666
982057851,21840,29,20,27,off_peak,0.16666666666666666
982057851,23993,30,20,29,off_peak,0.16666666666666666
982057851,21836,31,20,30,off_peak,0.16666666666666666
982057851,21968,32,20,31,off_peak,0.16666666666666666
982057851,21488,33,20,32,off_peak,0.16666666666666666
982057851,21832,34,20,33,off_peak,0.16666666666666666
982057851,21822,35,20,34,off_peak,0.16666666666666666
982057851,21868,36,20,35,off_peak,0.16666666666666666
982057851,21864,37,20,36,off_peak,0.16666666666666666
982057851,21862,38,20,38,off_peak,0.16666666666666666
982057851,21492,39,20,39,off_peak,0.16666666666666666
982057851,21830,40,20,41,off_peak,0.16666666666666666
982057851,21812,41,20,43,off_peak,0.16666666666666666
982057851,23354,42,20,43,off_peak,0.16666666666666666
982057851,21810,43,20,47,off_peak,0.16666666666666666
982057851,21828,44,20,48,off_peak,0.16666666666666666
982057851,21776,45,20,49,off_peak,0.16666666666666666
982057851,23517,46,20,49,off_peak,0.16666666666666666
982057851,21826,47,20,50,off_peak,0.16666666666666666
982057851,21824,48,20,53,off_peak,0.16666666666666666
982057851,21920,49,20,54,off_peak,0.16666666666666666
982057851,21918,50,20,56,off_peak,0.16666666666666666
982057851,22237,51,20,59,off_peak,0.16666666666666666
982057852,22237,1,20,55,off_peak,0.16666666666666666
982057852,21917,2,20,57,off_peak,0.16666666666666666
982057852,21919,3,20,59,off_peak,0.16666666666666666
982057852,21825,4,21,2,off_peak,0.16666666666666666
982057852,23516,5,21,3,off_peak,0.16666666666666666
982057852,21775,6,21,3,off_peak,0.16666666666666666
982057852,21827,7,21,4,off_peak,0.16666666666666666
982057852,21809,8,21,5,off_peak,0.16666666666666666
982057852,23353,9,21,8,off_peak,0.16666666666666666
982057852,21811,10,21,9,off_peak,0.16666666666666666
982057852,21829,11,21,10,off_peak,0.16666666666666666
982057852,21491,12,21,12,off_peak,0.16666666666666666
982057852,21861,13,21,13,off_peak,0.16666666666666666
982057852,21863,14,21,14,off_peak,0.16666666666666666
982057852,21867,15,21,15,off_peak,0.16666666666666666
982057852,21821,16,21,16,off_peak,0.16666666666666666
982057852,21831,17,21,17,off_peak,0.16666666666666666
982057852,21487,18,21,18,off_peak,0.16666666666666666
982057852,21837,19,21,19,off_peak,0.16666666666666666
982057852,21835,20,21,20,off_peak,0.16666666666666666
982057852,23992,21,21,21,off_peak,0.16666666666666666
982057852,21839,22,21,23,off_peak,0.16666666666666666
982057852,21723,23,21,24,off_peak,0.16666666666666666
982057852,23663,24,21,25,off_peak,0.16666666666666666
982057852,21841,25,21,27,off_peak,0.16666666666666666
982057852,21843,26,21,28,off_peak,0.16666666666666666
982057852,21845,27,21,29,off_peak,0.16666666666666666
982057852,21869,28,21,30,off_peak,0.16666666666666666
982057852,21847,29,21,31,off_peak,0.16666666666666666
982057852,21849,30,21,32,off_peak,0.16666666666666666
982057852,21851,31,21,33,off_peak,0.16666666666666666
982057852,21853,32,21,34,off_peak,0.16666666666666666
982057852,21855,33,21,34,off_peak,0.16666666666666666
982057852,23423,34,21,35,off_peak,0.16666666666666666
982057852,21865,35,21,36,off_peak,0.16666666666666666
982057852,21507,36,21,38,off_peak,0.16666666666666666
982057852,21871,37,21,40,off_peak,0.16666666666666666
982057852,21859,38,21,41,off_peak,0.16666666666666666
982057852,23760,39,21,45,off_peak,0.16666666666666666
982057852,23735,40,21,49,off_peak,0.16666666666666666
982057852,23734,41,21,50,off_peak,0.16666666666666666
982057852,21885,42,21,51,off_peak,0.16666666666666666
982057852,21887,43,21,52,off_peak,0.16666666666666666
982057852,21890,44,21,53,off_peak,0.16666666666666666
982057852,23723,45,21,53,off_peak,0.16666666666666666
982057852,21883,46,21,54,off_peak,0.16666666666666666
982057852,21882,47,21,54,off_peak,0.16666666666666666
982057852,23274,48,21,55,off_peak,0.16666666666666666
982057861,23274,1,21,55,off_peak,0.16666666666666666
982057861,21881,2,21,56,off_peak,0.16666666666666666
982057861,21884,3,21,57,off_peak,0.16666666666666666
982057861,23722,4,21,57,off_peak,0.16666666666666666
982057861,21891,5,21,58,off_peak,0.16666666666666666
982057861,21889,6,21,58,off_peak,0.16666666666666666
982057861,21888,7,21,59,off_peak,0.16666666666666666
982057861,21886,8,22,0,night,0.16666666666666666
982057861,23733,9,22,1,night,0.16666666666666666
982057861,23736,10,22,2,night,0.16666666666666666
982057861,23761,11,22,6,night,0.16666666666666666
982057861,21874,12,22,11,night,0.16666666666666666
982057861,21860,13,22,12,night,0.16666666666666666
982057861,21872,14,22,13,night,0.16666666666666666
982057861,21508,15,22,15,night,0.16666666666666666
982057861,21866,16,22,17,night,0.16666666666666666
982057861,23424,17,22,18,night,0.16666666666666666
982057861,21856,18,22,19,night,0.16666666666666666
982057861,21854,19,22,20,night,0.16666666666666666
982057861,21852,20,22,21,night,0.16666666666666666
982057861,21850,21,22,22,night,0.16666666666666666
982057861,21848,22,22,23,night,0.16666666666666666
982057861,21870,23,22,24,night,0.16666666666666666
982057861,21846,24,22,26,night,0.16666666666666666
982057861,21844,25,22,27,night,0.16666666666666666
982057861,21842,26,22,28,night,0.16666666666666666
982057861,23664,27,22,29,night,0.16666666666666666
982057861,21724,28,22,30,night,0.16666666666666666
982057861,21840,29,22,32,night,0.16666666666666666
982057861,23993,30,22,34,night,0.16666666666666666
982057861,21836,31,22,35,night,0.16666666666666666
982057861,21968,32,22,36,night,0.16666666666666666
982057861,21488,33,22,37,night,0.16666666666666666
982057861,21832,34,22,38,night,0.16666666666666666
982057861,21822,35,22,39,night,0.16666666666666666
982057861,21868,36,22,40,night,0.16666666666666666
982057861,21864,37,22,41,night,0.16666666666666666
982057861,21862,38,22,43,night,0.16666666666666666
982057861,21492,39,22,44,night,0.16666666666666666
982057861,21830,40,22,46,night,0.16666666666666666
982057861,21812,41,22,48,night,0.16666666666666666
982057861,23354,42,22,48,night,0.16666666666666666
982057861,21810,43,22,52,night,0.16666666666666666
982057861,21828,44,22,53,night,0.16666666666666666
982057861,21776,45,22,54,night,0.16666666666666666
982057861,23517,46,22,54,night,0.16666666666666666
982057861,21826,47,22,55,night,0.16666666666666666
982057861,21824,48,22,58,night,0.16666666666666666
982057861,21920,49,22,59,night,0.16666666666666666
982057861,21918,50,23,1,night,0.16666666666666666
982057861,22237,51,23,4,night,0.16666666666666666
982057862,22237,1,22,55,night,0.16666666666666666
982057862,21917,2,22,57,night,0.16666666666666666
982057862,21919,3,22,59,night,0.16666666666666666
982057862,21825,4,23,2,night,0.16666666666666666
982057862,23516,5,23,3,night,0.16666666666666666
982057862,21775,6,23,3,night,0.16666666666666666
982057862,21827,7,23,4,night,0.16666666666666666
982057862,21809,8,23,5,night,0.16666666666666666
982057862,23353,9,23,8,night,0.16666666666666666
982057862,21811,10,23,9,night,0.16666666666666666
982057862,21829,11,23,10,night,0.16666666666666666
982057862,21491,12,23,12,night,0.16666666666666666
982057862,21861,13,23,13,night,0.16666666666666666
982057862,21863,14,23,14,night,0.16666666666666666
982057862,21867,15,23,15,night,0.16666666666666666
982057862,21821,16,23,16,night,0.16666666666666666
982057862,21831,17,23,17,night,0.16666666666666666
982057862,21487,18,23,18,night,0.16666666666666666
982057862,21837,19,23,19,night,0.16666666666666666
982057862,21835,20,23,20,night,0.16666666666666666
982057862,23992,21,23,21,night,0.16666666666666666
982057862,21839,22,23,23,night,0.16666666666666666
982057862,21723,23,23,24,night,0.16666666666666666
982057862,23663,24,23,25,night,0.16666666666666666
982057862,21841,25,23,27,night,0.16666666666666666
982057862,21843,26,23,28,night,0.16666666666666666
982057862,21845,27,23,29,night,0.16666666666666666
982057862,21869,28,23,30,night,0.16666666666666666
982057862,21847,29,23,31,night,0.16666666666666666
982057862,21849,30,23,32,night,0.16666666666666666
982057862,21851,31,23,33,night,0.16666666666666666
982057862,21853,32,23,34,night,0.16666666666666666
982057862,21855,33,23,34,night,0.16666666666666666
982057862,23423,34,23,35,night,0.16666666666666666
982057862,21865,35,23,36,night,0.16666666666666666
982057862,21507,36,23,38,night,0.16666666666666666
982057862,21871,37,23,40,night,0.16666666666666666
982057862,21859,38,23,41,night,0.16666666666666666
982057862,23760,39,23,45,night,0.16666666666666666
982057862,23735,40,23,49,night,0.16666666666666666
982057862,23734,41,23,50,night,0.16666666666666666
982057862,21885,42,23,51,night,0.16666666666666666
982057862,21887,43,23,52,night,0.16666666666666666
982057862,21890,44,23,53,night,0.16666666666666666
982057862,23723,45,23,53,night,0.16666666666666666
982057862,21883,46,23,54,night,0.16666666666666666
982057862,21882,47,23,54,night,0.16666666666666666
982057862,23274,48,23,55,night,0.16666666666666666
982057871,23274,1,17,20,evening_peak,0.16666666666666666
982057871,21881,2,17,21,evening_peak,0.16666666666666666
982057871,21884,3,17,22,evening_peak,0.16666666666666666
982057871,23722,4,17,22,evening_peak,0.16666666666666666
982057871,21891,5,17,23,evening_peak,0.16666666666666666
982057871,21889,6,17,23,evening_peak,0.16666666666666666
982057871,21888,7,17,24,evening_peak,0.16666666666666666
982057871,21886,8,17,25,evening_peak,0.16666666666666666
982057871,23733,9,17,26,evening_peak,0.16666666666666666
982057871,23736,10,17,27,evening_peak,0.16666666666666666
982057871,23761,11,17,31,evening_peak,0.16666666666666666
982057871,21874,12,17,36,evening_peak,0.16666666666666666
982057871,21860,13,17,37,evening_peak,0.16666666666666666
982057871,21872,14,17,38,evening_peak,0.16666666666666666
982057871,21508,15,17,40,evening_peak,0.16666666666666666
982057871,21866,16,17,42,evening_peak,0.16666666666666666
982057871,23424,17,17,43,evening_peak,0.16666666666666666
982057871,21856,18,17,44,evening_peak,0.16666666666666666
982057871,21854,19,17,45,evening_peak,0.16666666666666666
982057871,21852,20,17,46,evening_peak,0.16666666666666666
982057871,21850,21,17,47,evening_peak,0.16666666666666666
982057871,21848,22,17,48,evening_peak,0.16666666666666666
982057871,21870,23,17,49,evening_peak,0.16666666666666666
982057871,21846,24,17,51,evening_peak,0.16666666666666666
982057871,21844,25,17,52,evening_peak,0.16666666666666666
982057871,21842,26,17,53,evening_peak,0.16666666666666666
982057871,23664,27,17,54,evening_peak,0.16666666666666666
982057871,21724,28,17,55,evening_peak,0.16666666666666666
982057871,21840,29,17,57,evening_peak,0.16666666666666666
982057871,23993,30,17,59,evening_peak,0.16666666666666666
982057871,21836,31,18,0,evening_peak,0.16666666666666666
982057871,21968,32,18,1,evening_peak,0.16666666666666666
982057871,21488,33,18,2,evening_peak,0.16666666666666666
982057871,21832,34,18,3,evening_peak,0.16666666666666666
982057871,21822,35,18,4,evening_peak,0.16666666666666666
982057871,21868,36,18,5,evening_peak,0.16666666666666666
982057871,21864,37,18,6,evening_peak,0.16666666666666666
982057871,21862,38,18,8,evening_peak,0.16666666666666666
982057871,21492,39,18,9,evening_peak,0.16666666666666666
982057871,21830,40,18,11,evening_peak,0.16666666666666666
982057871,21812,41,18,13,evening_peak,0.16666666666666666
982057871,23354,42,18,13,evening_peak,0.16666666666666666
982057871,21810,43,18,17,evening_peak,0.16666666666666666
982057871,21828,44,18,18,evening_peak,0.16666666666666666
982057871,21776,45,18,19,evening_peak,0.16666666666666666
982057871,23517,46,18,19,evening_peak,0.16666666666666666
982057871,21826,47,18,20,evening_peak,0.16666666666666666
982057871,21824,48,18,23,evening_peak,0.16666666666666666
982057871,21920,49,18,24,evening_peak,0.16666666666666666
982057871,21918,50,18,26,evening_peak,0.16666666666666666
982057871,22237,51,18,29,evening_peak,0.16666666666666666
982057872,22237,1,18,30,evening_peak,0.16666666666666666
982057872,21917,2,18,32,evening_peak,0.16666666666666666
982057872,21919,3,18,34,evening_peak,0.16666666666666666
982057872,21825,4,18,37,evening_peak,0.16666666666666666
982057872,23516,5,18,38,evening_peak,0.16666666666666666
982057872,21775,6,18,38,evening_peak,0.16666666666666666
982057872,21827,7,18,39,evening_peak,0.16666666666666666
982057872,21809,8,18,40,evening_peak,0.16666666666666666
982057872,23353,9,18,43,evening_peak,0.16666666666666666
982057872,21811,10,18,44,evening_peak,0.16666666666666666
982057872,21829,11,18,45,evening_peak,0.16666666666666666
982057872,21491,12,18,47,evening_peak,0.16666666666666666
982057872,21861,13,18,48,evening_peak,0.16666666666666666
982057872,21863,14,18,49,evening_peak,0.16666666666666666
982057872,21867,15,18,50,evening_peak,0.16666666666666666
982057872,21821,16,18,51,evening_peak,0.16666666666666666
982057872,21831,17,18,52,evening_peak,0.16666666666666666
982057872,21487,18,18,53,evening_peak,0.16666666666666666
982057872,21837,19,18,54,evening_peak,0.16666666666666666
982057872,21835,20,18,55,evening_peak,0.16666666666666666
982057872,23992,21,18,56,evening_peak,0.16666666666666666
982057872,21839,22,18,58,evening_peak,0.16666666666666666
982057872,21723,23,18,59,evening_peak,0.16666666666666666
982057872,23663,24,19,0,evening_peak,0.16666666666666666
982057872,21841,25,19,2,evening_peak,0.16666666666666666
982057872,21843,26,19,3,evening_peak,0.16666666666666666
982057872,21845,27,19,4,evening_peak,0.16666666666666666
982057872,21869,28,19,5,evening_peak,0.16666666666666666
982057872,21847,29,19,6,evening_peak,0.16666666666666666
982057872,21849,30,19,7,evening_peak,0.16666666666666666
982057872,21851,31,19,8,evening_peak,0.16666666666666666
982057872,21853,32,19,9,evening_peak,0.16666666666666666
982057872,21855,33,19,9,evening_peak,0.16666666666666666
982057872,23423,34,19,10,evening_peak,0.16666666666666666
982057872,21865,35,19,11,evening_peak,0.16666666666666666
982057872,21507,36,19,13,evening_peak,0.16666666666666666
982057872,21871,37,19,15,evening_peak,0.16666666666666666
982057872,21859,38,19,16,evening_peak,0.16666666666666666
982057872,23760,39,19,20,evening_peak,0.16666666666666666
982057872,23735,40,19,24,evening_peak,0.16666666666666666
982057872,23734,41,19,25,evening_peak,0.16666666666666666
982057872,21885,42,19,26,evening_peak,0.16666666666666666
982057872,21887,43,19,27,evening_peak,0.16666666666666666
982057872,21890,44,19,28,evening_peak,0.16666666666666666
982057872,23723,45,19,28,evening_peak,0.16666666666666666
982057872,21883,46,19,29,evening_peak,0.16666666666666666
982057872,21882,47,19,29,evening_peak,0.16666666666666666
982057872,23274,48,19,30,evening_peak,0.16666666666666666
982057881,23274,1,7,20,morning_peak,0.16666666666666666
982057881,21881,2,7,21,morning_peak,0.16666666666666666
982057881,21884,3,7,22,morning_peak,0.16666666666666666
982057881,23722,4,7,22,morning_peak,0.16666666666666666
982057881,21891,5,7,23,morning_peak,0.16666666666666666
982057881,21889,6,7,23,morning_peak,0.16666666666666666
982057881,21888,7,7,24,morning_peak,0.16666666666666666
982057881,21886,8,7,25,morning_peak,0.16666666666666666
982057881,23733,9,7,26,morning_peak,0.16666666666666666
982057881,23736,10,7,27,morning_peak,0.16666666666666666
982057881,23761,11,7,31,morning_peak,0.16666666666666666
982057881,21874,12,7,36,morning_peak,0.16666666666666666
982057881,21860,13,7,37,morning_peak,0.16666666666666666
982057881,21872,14,7,38,morning_peak,0.16666666666666666
982057881,21508,15,7,40,morning_peak,0.16666666666666666
982057881,21866,16,7,42,morning_peak,0.16666666666666666
982057881,23424,17,7,43,morning_peak,0.16666666666666666
982057881,21856,18,7,44,morning_peak,0.16666666666666666
982057881,21854,19,7,45,morning_peak,0.16666666666666666
982057881,21852,20,7,46,morning_peak,0.16666666666666666
982057881,21850,21,7,47,morning_peak,0.16666666666666666
982057881,21848,22,7,48,morning_peak,0.16666666666666666
982057881,21870,23,7,49,morning_peak,0.16666666666666666
982057881,21846,24,7,51,morning_peak,0.16666666666666666
982057881,21844,25,7,52,morning_peak,0.16666666666666666
982057881,21842,26,7,53,morning_peak,0.16666666666666666
982057881,23664,27,7,54,morning_peak,0.16666666666666666
982057881,21724,28,7,55,morning_peak,0.16666666666666666
982057881,21840,29,7,57,morning_peak,0.16666666666666666
982057881,23993,30,7,59,morning_peak,0.16666666666666666
982057881,21836,31,8,0,morning_peak,0.16666666666666666
982057881,21968,32,8,1,morning_peak,0.16666666666666666
982057881,21488,33,8,2,morning_peak,0.16666666666666666
982057881,21832,34,8,3,morning_peak,0.16666666666666666
982057881,21822,35,8,4,morning_peak,0.16666666666666666
982057881,21868,36,8,5,morning_peak,0.16666666666666666
982057881,21864,37,8,6,morning_peak,0.16666666666666666
982057881,21862,38,8,8,morning_peak,0.16666666666666666
982057881,21492,39,8,9,morning_peak,0.16666666666666666
982057881,21830,40,8,11,morning_peak,0.16666666666666666
982057881,21812,41,8,13,morning_peak,0.16666666666666666
982057881,23354,42,8,13,morning_peak,0.16666666666666666
982057881,21810,43,8,17,morning_peak,0.16666666666666666
982057881,21828,44,8,18,morning_peak,0.16666666666666666
982057881,21776,45,8,19,morning_peak,0.16666666666666666
982057881,23517,46,8,19,morning_peak,0.16666666666666666
982057881,21826,47,8,20,morning_peak,0.16666666666666666
982057881,21824,48,8,23,morning_peak,0.16666666666666666
982057881,21920,49,8,24,morning_peak,0.16666666666666666
982057881,21918,50,8,26,morning_peak,0.16666666666666666
982057881,22237,51,8,29,morning_peak,0.16666666666666666
982057882,22237,1,8,35,morning_peak,0.16666666666666666
982057882,21917,2,8,37,morning_peak,0.16666666666666666
982057882,21919,3,8,39,morning_peak,0.16666666666666666
982057882,21825,4,8,42,morning_peak,0.16666666666666666
982057882,23516,5,8,43,morning_peak,0.16666666666666666
982057882,21775,6,8,43,morning_peak,0.16666666666666666
982057882,21827,7,8,44,morning_peak,0.16666666666666666
982057882,21809,8,8,45,morning_peak,0.16666666666666666
982057882,23353,9,8,48,morning_peak,0.16666666666666666
982057882,21811,10,8,49,morning_peak,0.16666666666666666
982057882,21829,11,8,50,morning_peak,0.16666666666666666
982057882,21491,12,8,52,morning_peak,0.16666666666666666
982057882,21861,13,8,53,morning_peak,0.16666666666666666
982057882,21863,14,8,54,morning_peak,0.16666666666666666
982057882,21867,15,8,55,morning_peak,0.16666666666666666
982057882,21821,16,8,56,morning_peak,0.16666666666666666
982057882,21831,17,8,57,morning_peak,0.16666666666666666
982057882,21487,18,8,58,morning_peak,0.16666666666666666
982057882,21837,19,8,59,morning_peak,0.16666666666666666
982057882,21835,20,9,0,morning_peak,0.16666666666666666
982057882,23992,21,9,1,morning_peak,0.16666666666666666
982057882,21839,22,9,3,morning_peak,0.16666666666666666
982057882,21723,23,9,4,morning_peak,0.16666666666666666
982057882,23663,24,9,5,morning_peak,0.16666666666666666
982057882,21841,25,9,7,morning_peak,0.16666666666666666
982057882,21843,26,9,8,morning_peak,0.16666666666666666
982057882,21845,27,9,9,morning_peak,0.16666666666666666
982057882,21869,28,9,10,morning_peak,0.16666666666666666
982057882,21847,29,9,11,morning_peak,0.16666666666666666
982057882,21849,30,9,12,morning_peak,0.16666666666666666
982057882,21851,31,9,13,morning_peak,0.16666666666666666
982057882,21853,32,9,14,morning_peak,0.16666666666666666
982057882,21855,33,9,14,morning_peak,0.16666666666666666
982057882,23423,34,9,15,morning_peak,0.16666666666666666
982057882,21865,35,9,16,morning_peak,0.16666666666666666
982057882,21507,36,9,18,morning_peak,0.16666666666666666
982057882,21871,37,9,20,morning_peak,0.16666666666666666
982057882,21859,38,9,21,morning_peak,0.16666666666666666
982057882,23760,39,9,25,morning_peak,0.16666666666666666
982057882,23735,40,9,29,morning_peak,0.16666666666666666
982057882,23734,41,9,30,morning_peak,0.16666666666666666
982057882,21885,42,9,31,morning_peak,0.16666666666666666
982057882,21887,43,9,32,morning_peak,0.16666666666666666
982057882,21890,44,9,33,morning_peak,0.16666666666666666
982057882,23723,45,9,33,morning_peak,0.16666666666666666
982057882,21883,46,9,34,morning_peak,0.16666666666666666
982057882,21882,47,9,34,morning_peak,0.16666666666666666
982057882,23274,48,9,35,morning_peak,0.16666666666666666
982057891,23274,1,9,25,morning_peak,0.16666666666666666
982057891,21881,2,9,26,morning_peak,0.16666666666666666
982057891,21884,3,9,27,morning_peak,0.16666666666666666
982057891,23722,4,9,27,morning_peak,0.16666666666666666
982057891,21891,5,9,28,morning_peak,0.16666666666666666
982057891,21889,6,9,28,morning_peak,0.16666666666666666
982057891,21888,7,9,29,morning_peak,0.16666666666666666
982057891,21886,8,9,30,morning_peak,0.16666666666666666
982057891,23733,9,9,31,morning_peak,0.16666666666666666
982057891,23736,10,9,32,morning_peak,0.16666666666666666
982057891,23761,11,9,36,morning_peak,0.16666666666666666
982057891,21874,12,9,41,morning_peak,0.16666666666666666
982057891,21860,13,9,42,morning_peak,0.16666666666666666
982057891,21872,14,9,43,morning_peak,0.16666666666666666
982057891,21508,15,9,45,morning_peak,0.16666666666666666
982057891,21866,16,9,47,morning_peak,0.16666666666666666
982057891,23424,17,9,48,morning_peak,0.16666666666666666
982057891,21856,18,9,49,morning_peak,0.16666666666666666
982057891,21854,19,9,50,morning_peak,0.16666666666666666
982057891,21852,20,9,51,morning_peak,0.16666666666666666
982057891,21850,21,9,52,morning_peak,0.16666666666666666
982057891,21848,22,9,53,morning_peak,0.16666666666666666
982057891,21870,23,9,54,morning_peak,0.16666666666666666
982057891,21846,24,9,56,morning_peak,0.16666666666666666
982057891,21844,25,9,57,morning_peak,0.16666666666666666
982057891,21842,26,9,58,morning_peak,0.16666666666666666
982057891,23664,27,9,59,morning_peak,0.16666666666666666
982057891,21724,28,10,0,off_peak,0.16666666666666666
982057891,21840,29,10,2,off_peak,0.16666666666666666
982057891,23993,30,10,4,off_peak,0.16666666666666666
982057891,21836,31,10,5,off_peak,0.16666666666666666
982057891,21968,32,10,6,off_peak,0.16666666666666666
982057891,21488,33,10,7,off_peak,0.16666666666666666
982057891,21832,34,10,8,off_peak,0.16666666666666666
982057891,21822,35,10,9,off_peak,0.16666666666666666
982057891,21868,36,10,10,off_peak,0.16666666666666666
982057891,21864,37,10,11,off_peak,0.16666666666666666
982057891,21862,38,10,13,off_peak,0.16666666666666666
982057891,21492,39,10,14,off_peak,0.16666666666666666
982057891,21830,40,10,16,off_peak,0.16666666666666666
982057891,21812,41,10,18,off_peak,0.16666666666666666
982057891,23354,42,10,18,off_peak,0.16666666666666666
982057891,21810,43,10,22,off_peak,0.16666666666666666
982057891,21828,44,10,23,off_peak,0.16666666666666666
982057891,21776,45,10,24,off_peak,0.16666666666666666
982057891,23517,46,10,24,off_peak,0.16666666666666666
982057891,21826,47,10,25,off_peak,0.16666666666666666
982057891,21824,48,10,28,off_peak,0.16666666666666666
982057891,21920,49,10,29,off_peak,0.16666666666666666
982057891,21918,50,10,31,off_peak,0.16666666666666666
982057891,22237,51,10,34,off_peak,0.16666666666666666
982057892,22237,1,10,55,off_peak,0.16666666666666666
982057892,21917,2,10,57,off_peak,0.16666666666666666
982057892,21919,3,10,59,off_peak,0.16666666666666666
982057892,21825,4,11,2,off_peak,0.16666666666666666
982057892,23516,5,11,3,off_peak,0.16666666666666666
982057892,21775,6,11,3,off_peak,0.16666666666666666
982057892,21827,7,11,4,off_peak,0.16666666666666666
982057892,21809,8,11,5,off_peak,0.16666666666666666
982057892,23353,9,11,8,off_peak,0.16666666666666666
982057892,21811,10,11,9,off_peak,0.16666666666666666
982057892,21829,11,11,10,off_peak,0.16666666666666666
982057892,21491,12,11,12,off_peak,0.16666666666666666
982057892,21861,13,11,13,off_peak,0.16666666666666666
982057892,21863,14,11,14,off_peak,0.16666666666666666
982057892,21867,15,11,15,off_peak,0.16666666666666666
982057892,21821,16,11,16,off_peak,0.16666666666666666
982057892,21831,17,11,17,off_peak,0.16666666666666666
982057892,21487,18,11,18,off_peak,0.16666666666666666
982057892,21837,19,11,19,off_peak,0.16666666666666666
982057892,21835,20,11,20,off_peak,0.16666666666666666
982057892,23992,21,11,21,off_peak,0.16666666666666666
982057892,21839,22,11,23,off_peak,0.16666666666666666
982057892,21723,23,11,24,off_peak,0.16666666666666666
982057892,23663,24,11,25,off_peak,0.16666666666666666
982057892,21841,25,11,27,off_peak,0.16666666666666666
982057892,21843,26,11,28,off_peak,0.16666666666666666
982057892,21845,27,11,29,off_peak,0.16666666666666666
982057892,21869,28,11,30,off_peak,0.16666666666666666
982057892,21847,29,11,31,off_peak,0.16666666666666666
982057892,21849,30,11,32,off_peak,0.16666666666666666
982057892,21851,31,11,33,off_peak,0.16666666666666666
982057892,21853,32,11,34,off_peak,0.16666666666666666
982057892,21855,33,11,34,off_peak,0.16666666666666666
982057892,23423,34,11,35,off_peak,0.16666666666666666
982057892,21865,35,11,36,off_peak,0.16666666666666666
982057892,21507,36,11,38,off_peak,0.16666666666666666
982057892,21871,37,11,40,off_peak,0.16666666666666666
982057892,21859,38,11,41,off_peak,0.16666666666666666
982057892,23760,39,11,45,off_peak,0.16666666666666666
982057892,23735,40,11,49,off_peak,0.16666666666666666
982057892,23734,41,11,50,off_peak,0.16666666666666666
982057892,21885,42,11,51,off_peak,0.16666666666666666
982057892,21887,43,11,52,off_peak,0.16666666666666666
982057892,21890,44,11,53,off_peak,0.16666666666666666
982057892,23723,45,11,53,off_peak,0.16666666666666666
982057892,21883,46,11,54,off_peak,0.16666666666666666
982057892,21882,47,11,54,off_peak,0.16666666666666666
982057892,23274,48,11,55,off_peak,0.16666666666666666
982057901,23274,1,11,55,off_peak,0.16666666666666666
982057901,21881,2,11,56,off_peak,0.16666666666666666
982057901,21884,3,11,57,off_peak,0.16666666666666666
982057901,23722,4,11,57,off_peak,0.16666666666666666
982057901,21891,5,11,58,off_peak,0.16666666666666666
982057901,21889,6,11,58,off_peak,0.16666666666666666
982057901,21888,7,11,59,off_peak,0.16666666666666666
982057901,21886,8,12,0,off_peak,0.16666666666666666
982057901,23733,9,12,1,off_peak,0.16666666666666666
982057901,23736,10,12,2,off_peak,0.16666666666666666
